<?xml version="1.0" encoding="UTF-8"?>
<lom xmlns="http://ltsc.ieee.org/xsd/LOM" xmlns:xsi="http://www.w3.org/2001/XMLSchema-instance" xsi:schemaLocation="http://ltsc.ieee.org/xsd/LOM lomCustom.xsd"><general uniqueElementName="general"><identifier><catalog uniqueElementName="catalog">My Catalog</catalog><entry uniqueElementName="entry">ODE-20251120164808LAOLZJ</entry></identifier><title><string language="en">Lorem ipsum dolor sit amet, consectetur adipiscing</string></title><language>en</language><description><string language="en">Maecenas id odio ornare, volutpat libero ut, accumsan tellus. Proin suscipit enim eget felis blandit, ac auctor erat pulvinar. Praesent ex est, consectetur sed ante a, lobortis placerat quam.</string></description><aggregationLevel uniqueElementName="aggregationLevel"><source uniqueElementName="source">LOM-ESv1.0</source><value uniqueElementName="value">2</value></aggregationLevel></general><lifeCycle><contribute><role uniqueElementName="role"><source uniqueElementName="source">LOM-ESv1.0</source><value uniqueElementName="value">author</value></role><entity>BEGIN:VCARD VERSION:3.0 FN:Ignacio Gros EMAIL;TYPE=INTERNET: ORG: END:VCARD</entity><date><dateTime uniqueElementName="dateTime">2025-11-20T16:51:59.00+00:00</dateTime><description><string language="en">Metadata creation date</string></description></date></contribute></lifeCycle><metaMetadata uniqueElementName="metaMetadata"><contribute><role uniqueElementName="role"><source uniqueElementName="source">LOM-ESv1.0</source><value uniqueElementName="value">creator</value></role><entity>BEGIN:VCARD VERSION:3.0 FN:Ignacio Gros EMAIL;TYPE=INTERNET: ORG: END:VCARD</entity><date><dateTime uniqueElementName="dateTime">2025-11-20T16:51:59.00+00:00</dateTime><description><string language="en">Metadata creation date</string></description></date></contribute><metadataSchema>LOM-ESv1.0</metadataSchema><language>en</language></metaMetadata><technical uniqueElementName="technical"><otherPlatformRequirements><string language="en">editor: eXe Learning</string></otherPlatformRequirements></technical><educational><language>en</language></educational><rights uniqueElementName="rights"><copyrightAndOtherRestrictions uniqueElementName="copyrightAndOtherRestrictions"><source uniqueElementName="source">LOM-ESv1.0</source><value uniqueElementName="value">creative commons: attribution - share alike 4.0</value></copyrightAndOtherRestrictions><access uniqueElementName="access"><accessType uniqueElementName="accessType"><source uniqueElementName="source">LOM-ESv1.0</source><value uniqueElementName="value">universal</value></accessType><description><string language="en">Default</string></description></access></rights></lom>
