<?xml version="1.0" encoding="utf-8"?>
<ode><userPreferences><userPreference><key>theme</key><value>base</value></userPreference></userPreferences><odeResources><odeResource><key>odeVersionId</key><value>20251114131438INBTUN</value></odeResource><odeResource><key>odeId</key><value>20251114122833JRZCXB</value></odeResource><odeResource><key>odeVersionName</key><value>5</value></odeResource><odeResource><key>isDownload</key><value>true</value></odeResource><odeResource><key>eXeVersion</key><value>v0.0.0-alpha</value></odeResource></odeResources><odeProperties><odeProperty><key>pp_title</key><value>Lorem ipsum dolor sit amet, consectetur adipiscing</value></odeProperty><odeProperty><key>pp_subtitle</key><value>Excepteur sint occaecat cupidatat non proident</value></odeProperty><odeProperty><key>pp_lang</key><value>en</value></odeProperty><odeProperty><key>pp_author</key><value>Ignacio Gros</value></odeProperty><odeProperty><key>license</key><value>creative commons: attribution - share alike 4.0</value></odeProperty><odeProperty><key>pp_description</key><value>Maecenas id odio ornare, volutpat libero ut, accumsan tellus. Proin suscipit enim eget felis blandit, ac auctor erat pulvinar. Praesent ex est, consectetur sed ante a, lobortis placerat quam.</value></odeProperty><odeProperty><key>exportSource</key><value>true</value></odeProperty><odeProperty><key>pp_addExeLink</key><value>true</value></odeProperty><odeProperty><key>pp_addPagination</key><value>true</value></odeProperty><odeProperty><key>pp_addSearchBox</key><value>true</value></odeProperty><odeProperty><key>pp_addAccessibilityToolbar</key><value>true</value></odeProperty><odeProperty><key>pp_extraHeadContent</key><value>&lt;meta name="robots" content="noindex,nofollow" /&gt;</value></odeProperty><odeProperty><key>footer</key><value>Proin suscipit enim eget felis blandit, ac auctor erat pulvinar.</value></odeProperty></odeProperties><odeNavStructures><odeNavStructure><odePageId>20251114131438OKJACO</odePageId><odeParentPageId/><pageName>Maecenas id</pageName><odeNavStructureOrder>1</odeNavStructureOrder><odeNavStructureProperties><odeNavStructureProperty><key>titlePage</key><value>Maecenas id</value></odeNavStructureProperty><odeNavStructureProperty><key>titleNode</key><value>Maecenas id</value></odeNavStructureProperty><odeNavStructureProperty><key>hidePageTitle</key><value>false</value></odeNavStructureProperty><odeNavStructureProperty><key>titleHtml</key><value/></odeNavStructureProperty><odeNavStructureProperty><key>editableInPage</key><value>false</value></odeNavStructureProperty><odeNavStructureProperty><key>visibility</key><value>true</value></odeNavStructureProperty><odeNavStructureProperty><key>highlight</key><value>false</value></odeNavStructureProperty><odeNavStructureProperty><key>description</key><value/></odeNavStructureProperty></odeNavStructureProperties><odePagStructures><odePagStructure><odePageId>20251114131438OKJACO</odePageId><odeBlockId>20251114131438DJMGZM</odeBlockId><blockName/><iconName/><odePagStructureOrder>1</odePagStructureOrder><odePagStructureProperties><odePagStructureProperty><key>visibility</key><value>true</value></odePagStructureProperty><odePagStructureProperty><key>teacherOnly</key><value>false</value></odePagStructureProperty><odePagStructureProperty><key>allowToggle</key><value>true</value></odePagStructureProperty><odePagStructureProperty><key>minimized</key><value>false</value></odePagStructureProperty><odePagStructureProperty><key>identifier</key><value/></odePagStructureProperty><odePagStructureProperty><key>cssClass</key><value/></odePagStructureProperty></odePagStructureProperties><odeComponents><odeComponent><odePageId>20251114131438OKJACO</odePageId><odeBlockId>20251114131438DJMGZM</odeBlockId><odeIdeviceId>20251111074635DNDSCB</odeIdeviceId><odeIdeviceTypeName>text</odeIdeviceTypeName><htmlView>&lt;div class="exe-text-template"&gt;&lt;div class="textIdeviceContent"&gt;
            &lt;div class="exe-text-activity"&gt;
                &lt;div&gt;&lt;div class="exe-text"&gt;
&lt;h2 style="text-align: center;"&gt;Lorem ipsum dolor sit amet consectetur adipiscing elit quis nisi&lt;/h2&gt;
&lt;p style="text-align: center;"&gt;&lt;img src="{{context_path}}/20251111074635DNDSCB/00.jpg" alt="" style="margin-bottom: 20px; margin-top: 20px;" width="1280" height="467"&gt;&lt;/p&gt;
&lt;p class=" exe-block-warning"&gt;Aliquam eget dapibus leo. &lt;strong&gt;Maecenas id erat sit amet libero rutrum rutrum&lt;/strong&gt;. In dignissim pellentesque mi faucibus egestas.&lt;/p&gt;
&lt;p&gt;Per taciti suspendisse nascetur purus quam in &lt;strong&gt;nibh platea convallis, tortor orci pellentesque sem&lt;/strong&gt; sed mi malesuada facilisis, mollis cursus potenti imperdiet tempus fringilla eget montes.&lt;/p&gt;
&lt;blockquote class="exe-quote-cite styled-qc"&gt;
&lt;p&gt;Eu nam hendrerit a torquent sed quis blandit taciti libero, pretium ultricies aenean nostra porta cubilia nunc montes.&lt;/p&gt;
&lt;cite&gt;Lorem ipsum generator&lt;/cite&gt;&lt;/blockquote&gt;
&lt;p&gt;Facilisis ante ullamcorper dictum praesent per et iaculis, ac blandit sem ut non imperdiet interdum, eros odio vestibulum gravida libero lacus.&lt;/p&gt;
&lt;/div&gt;&lt;p class="clearfix"&gt;&lt;/p&gt;&lt;/div&gt;
            &lt;/div&gt;&lt;/div&gt;&lt;/div&gt;</htmlView><jsonProperties>{"ideviceId":"20251111074635DNDSCB","textInfoDurationInput":"","textInfoDurationTextInput":"Duration","textInfoParticipantsInput":"","textInfoParticipantsTextInput":"Grouping","textTextarea":"&lt;div class=\"exe-text\"&gt;\n&lt;h2 style=\"text-align: center;\"&gt;Lorem ipsum dolor sit amet consectetur adipiscing elit quis nisi&lt;/h2&gt;\n&lt;p style=\"text-align: center;\"&gt;&lt;img src=\"{{context_path}}/20251111074635DNDSCB/00.jpg\" alt=\"\" style=\"margin-bottom: 20px; margin-top: 20px;\" width=\"1280\" height=\"467\" /&gt;&lt;/p&gt;\n&lt;p class=\" exe-block-warning\"&gt;Aliquam eget dapibus leo. &lt;strong&gt;Maecenas id erat sit amet libero rutrum rutrum&lt;/strong&gt;. In dignissim pellentesque mi faucibus egestas.&lt;/p&gt;\n&lt;p&gt;Per taciti suspendisse nascetur purus quam in &lt;strong&gt;nibh platea convallis, tortor orci pellentesque sem&lt;/strong&gt; sed mi malesuada facilisis, mollis cursus potenti imperdiet tempus fringilla eget montes.&lt;/p&gt;\n&lt;blockquote class=\"exe-quote-cite styled-qc\"&gt;\n&lt;p&gt;Eu nam hendrerit a torquent sed quis blandit taciti libero, pretium ultricies aenean nostra porta cubilia nunc montes.&lt;/p&gt;\n&lt;cite&gt;Lorem ipsum generator&lt;/cite&gt;&lt;/blockquote&gt;\n&lt;p&gt;Facilisis ante ullamcorper dictum praesent per et iaculis, ac blandit sem ut non imperdiet interdum, eros odio vestibulum gravida libero lacus.&lt;/p&gt;\n&lt;/div&gt;","textFeedbackInput":"Show Feedback","textFeedbackTextarea":""}</jsonProperties><odeComponentsOrder>1</odeComponentsOrder><odeComponentsProperties><odeComponentsProperty><key>visibility</key><value>true</value></odeComponentsProperty><odeComponentsProperty><key>teacherOnly</key><value>false</value></odeComponentsProperty><odeComponentsProperty><key>identifier</key><value/></odeComponentsProperty><odeComponentsProperty><key>cssClass</key><value/></odeComponentsProperty></odeComponentsProperties></odeComponent></odeComponents></odePagStructure><odePagStructure><odePageId>20251114131438OKJACO</odePageId><odeBlockId>20251114131438LQVHIP</odeBlockId><blockName>Neque porro quisquam est</blockName><iconName>info</iconName><odePagStructureOrder>2</odePagStructureOrder><odePagStructureProperties><odePagStructureProperty><key>visibility</key><value>true</value></odePagStructureProperty><odePagStructureProperty><key>teacherOnly</key><value>true</value></odePagStructureProperty><odePagStructureProperty><key>allowToggle</key><value>true</value></odePagStructureProperty><odePagStructureProperty><key>minimized</key><value>false</value></odePagStructureProperty><odePagStructureProperty><key>identifier</key><value/></odePagStructureProperty><odePagStructureProperty><key>cssClass</key><value/></odePagStructureProperty></odePagStructureProperties><odeComponents><odeComponent><odePageId>20251114131438OKJACO</odePageId><odeBlockId>20251114131438LQVHIP</odeBlockId><odeIdeviceId>202511110938491761BV</odeIdeviceId><odeIdeviceTypeName>text</odeIdeviceTypeName><htmlView>&lt;div class="exe-text-template"&gt;&lt;div class="textIdeviceContent"&gt;
            &lt;div class="exe-text-activity"&gt;
                &lt;div&gt;&lt;p&gt;Sed ut perspiciatis unde omnis iste natus error sit voluptatem accusantium doloremque laudantium, totam rem aperiam, eaque ipsa quae ab illo inventore veritatis et quasi architecto beatae vitae dicta sunt explicabo. &lt;strong&gt;Nemo enim ipsam voluptatem quia voluptas&lt;/strong&gt; sit aspernatur aut odit aut fugit, sed quia consequuntur magni dolores eos qui ratione voluptatem sequi nesciunt.&lt;/p&gt;
&lt;p&gt;Neque porro quisquam est, qui dolorem ipsum &lt;em&gt;quia dolor sit amet, consectetur, adipisci velit, sed quia non numquam&lt;/em&gt; eius modi tempora incidunt ut labore et dolore magnam aliquam quaerat voluptatem.&lt;/p&gt;
            &lt;div class="iDevice_buttons feedback-button js-required"&gt;
                &lt;input type="button" class="feedbacktooglebutton" value="Show Feedback"&gt;
            &lt;/div&gt;
            &lt;div class="feedback js-feedback js-hidden"&gt;&lt;p&gt;Ut enim ad minima veniam, quis nostrum exercitationem ullam corporis suscipit laboriosam, &lt;em&gt;nisi ut aliquid ex ea commodi consequatur? Quis autem vel eum iure reprehenderit qui in ea voluptate velit&lt;/em&gt; esse quam nihil molestiae consequatur, vel illum qui dolorem eum fugiat quo voluptas nulla pariatur?&lt;/p&gt;
&lt;ul&gt;
&lt;li&gt;At vero eos et accusamus et iusto odio dignissimos ducimus qui blanditiis.&lt;/li&gt;
&lt;li&gt;Praesentium voluptatum deleniti atque corrupti quos dolores et quas.&lt;/li&gt;
&lt;li&gt;Molestias excepturi sint occaecati cupiditate non provident.&lt;/li&gt;
&lt;/ul&gt;
&lt;p&gt;Similique sunt in &lt;strong&gt;culpa qui officia deserunt mollitia animi&lt;/strong&gt;, id est laborum et dolorum fuga.&lt;/p&gt;&lt;/div&gt;&lt;p class="clearfix"&gt;&lt;/p&gt;&lt;/div&gt;
            &lt;/div&gt;&lt;/div&gt;&lt;/div&gt;</htmlView><jsonProperties>{"ideviceId":"202511110938491761BV","textInfoDurationInput":"","textInfoDurationTextInput":"Duration","textInfoParticipantsInput":"","textInfoParticipantsTextInput":"Grouping","textTextarea":"&lt;p&gt;Sed ut perspiciatis unde omnis iste natus error sit voluptatem accusantium doloremque laudantium, totam rem aperiam, eaque ipsa quae ab illo inventore veritatis et quasi architecto beatae vitae dicta sunt explicabo. &lt;strong&gt;Nemo enim ipsam voluptatem quia voluptas&lt;/strong&gt; sit aspernatur aut odit aut fugit, sed quia consequuntur magni dolores eos qui ratione voluptatem sequi nesciunt.&lt;/p&gt;\n&lt;p&gt;Neque porro quisquam est, qui dolorem ipsum &lt;em&gt;quia dolor sit amet, consectetur, adipisci velit, sed quia non numquam&lt;/em&gt; eius modi tempora incidunt ut labore et dolore magnam aliquam quaerat voluptatem.&lt;/p&gt;","textFeedbackInput":"Show Feedback","textFeedbackTextarea":"&lt;p&gt;Ut enim ad minima veniam, quis nostrum exercitationem ullam corporis suscipit laboriosam, &lt;em&gt;nisi ut aliquid ex ea commodi consequatur? Quis autem vel eum iure reprehenderit qui in ea voluptate velit&lt;/em&gt; esse quam nihil molestiae consequatur, vel illum qui dolorem eum fugiat quo voluptas nulla pariatur?&lt;/p&gt;\n&lt;ul&gt;\n&lt;li&gt;At vero eos et accusamus et iusto odio dignissimos ducimus qui blanditiis.&lt;/li&gt;\n&lt;li&gt;Praesentium voluptatum deleniti atque corrupti quos dolores et quas.&lt;/li&gt;\n&lt;li&gt;Molestias excepturi sint occaecati cupiditate non provident.&lt;/li&gt;\n&lt;/ul&gt;\n&lt;p&gt;Similique sunt in &lt;strong&gt;culpa qui officia deserunt mollitia animi&lt;/strong&gt;, id est laborum et dolorum fuga.&lt;/p&gt;"}</jsonProperties><odeComponentsOrder>1</odeComponentsOrder><odeComponentsProperties><odeComponentsProperty><key>visibility</key><value>true</value></odeComponentsProperty><odeComponentsProperty><key>teacherOnly</key><value>false</value></odeComponentsProperty><odeComponentsProperty><key>identifier</key><value/></odeComponentsProperty><odeComponentsProperty><key>cssClass</key><value/></odeComponentsProperty></odeComponentsProperties></odeComponent></odeComponents></odePagStructure></odePagStructures></odeNavStructure><odeNavStructure><odePageId>20251114131438IKLBXC</odePageId><odeParentPageId/><pageName>Duis placerat diam sit amet lacus iaculis luctus</pageName><odeNavStructureOrder>2</odeNavStructureOrder><odeNavStructureProperties><odeNavStructureProperty><key>titlePage</key><value>Duis placerat diam sit amet lacus iaculis luctus</value></odeNavStructureProperty><odeNavStructureProperty><key>titleNode</key><value>Duis placerat diam sit amet lacus iaculis luctus</value></odeNavStructureProperty><odeNavStructureProperty><key>hidePageTitle</key><value>false</value></odeNavStructureProperty><odeNavStructureProperty><key>titleHtml</key><value/></odeNavStructureProperty><odeNavStructureProperty><key>editableInPage</key><value>false</value></odeNavStructureProperty><odeNavStructureProperty><key>visibility</key><value>true</value></odeNavStructureProperty><odeNavStructureProperty><key>highlight</key><value>false</value></odeNavStructureProperty><odeNavStructureProperty><key>description</key><value/></odeNavStructureProperty></odeNavStructureProperties><odePagStructures><odePagStructure><odePageId>20251114131438IKLBXC</odePageId><odeBlockId>20251114131438GPBIMU</odeBlockId><blockName>Mus aliquam fermentum ligula nisl sed</blockName><iconName>chrono</iconName><odePagStructureOrder>8</odePagStructureOrder><odePagStructureProperties><odePagStructureProperty><key>visibility</key><value>true</value></odePagStructureProperty><odePagStructureProperty><key>teacherOnly</key><value>false</value></odePagStructureProperty><odePagStructureProperty><key>allowToggle</key><value>true</value></odePagStructureProperty><odePagStructureProperty><key>minimized</key><value>false</value></odePagStructureProperty><odePagStructureProperty><key>identifier</key><value/></odePagStructureProperty><odePagStructureProperty><key>cssClass</key><value/></odePagStructureProperty></odePagStructureProperties><odeComponents><odeComponent><odePageId>20251114131438IKLBXC</odePageId><odeBlockId>20251114131438GPBIMU</odeBlockId><odeIdeviceId>20251111074635VQOTOP</odeIdeviceId><odeIdeviceTypeName>text</odeIdeviceTypeName><htmlView>&lt;div class="exe-text-template"&gt;&lt;div class="textIdeviceContent"&gt;
            &lt;div class="exe-text-activity"&gt;
                &lt;div&gt;&lt;div class="exe-text"&gt;
&lt;p&gt;At ac libero justo maecenas eleifend vel vivamus ullamcorper pretium non, sociis turpis etiam mattis eget pellentesque lacinia a. Pharetra potenti nibh mauris id non ultricies sollicitudin inceptos convallis lobortis, mi volutpat cursus tellus curabitur vehicula dui sociis felis, natoque facilisi aliquam erat dictumst sagittis mollis magnis vulputate.&lt;/p&gt;
&lt;div class="exe-layout-3-cols exe-clear"&gt;
&lt;div class="exe-col exe-col-1"&gt;
&lt;p&gt;&lt;img src="{{context_path}}/20251111074635VQOTOP/sq01.jpg" alt="" width="500" height="500"&gt;&lt;/p&gt;
&lt;p&gt;Ligula quis habitasse iaculis sapien erat hac pellentesque ridiculus tellus convallis accumsan, nullam laoreet parturient.&lt;/p&gt;
&lt;/div&gt;
&lt;div class="exe-col exe-col-2"&gt;
&lt;p&gt;&lt;img src="{{context_path}}/20251111074635VQOTOP/sq02.jpg" alt="" width="500" height="500"&gt;&lt;/p&gt;
&lt;p&gt;Cras ac pharetra donec et lacus mollis morbi nostra libero. Lorem ipsum dolor sit amet...&lt;/p&gt;
&lt;/div&gt;
&lt;div class="exe-col exe-col-3"&gt;
&lt;p&gt;&lt;img src="{{context_path}}/20251111074635VQOTOP/sq03.jpg" alt="" width="500" height="500"&gt;&lt;/p&gt;
&lt;p&gt;At ac libero justo maecenas eleifend vel vivamus ullamcorper pretium non, sociis turpis etiam mattis eget pellentesque lacinia a.&lt;/p&gt;
&lt;/div&gt;
&lt;/div&gt;
&lt;h2&gt;Varius cras dignissim ridiculus libero (h2)&lt;/h2&gt;
&lt;p&gt;Porta nibh vivamus &lt;strong&gt;mus aliquam fermentum ligula nisl sed natoque&lt;/strong&gt;, tristique vulputate class varius cras dignissim ridiculus libero, arcu &lt;a href="https://www.educa2.madrid.org/educamadrid/"&gt;justo ad duis platea quisque taciti facilisis&lt;/a&gt;. Massa arcu felis duis nisi velit mus augue ridiculus cursus, dui suscipit nulla enim integer malesuada viverra laoreet, commodo pharetra tempus habitasse dictumst molestie ultricies aenean.&lt;/p&gt;
&lt;figure class="exe-figure exe-media position-center license-CC-BY-NC-SA" style="width: 600px;"&gt;&lt;iframe width="600" height="337" style="border: 0; overflow: hidden;" src="https://mediateca.educa.madrid.org/video/hawm6m5vid6zbnv7/fs" allowfullscreen="allowfullscreen"&gt;&lt;/iframe&gt;
&lt;figcaption class="figcaption"&gt;&lt;a href="https://mediateca.educa.madrid.org/usuario/dgonzalezarroyo" target="_blank" class="author" rel="noopener"&gt;David G.&lt;/a&gt;. &lt;a href="https://mediateca.educa.madrid.org/video/hawm6m5vid6zbnv7" target="_blank" class="title" rel="noopener"&gt;&lt;em&gt;¿Qué ha hecho MAX por nosotros?&lt;/em&gt;&lt;/a&gt; &lt;span class="license"&gt;&lt;span class="sep"&gt;(&lt;/span&gt;&lt;a href="http://creativecommons.org/licenses/" rel="license nofollow noopener" target="_blank" title="Creative Commons BY-NC-SA"&gt;CC BY-NC-SA&lt;/a&gt;&lt;span class="sep"&gt;)&lt;/span&gt;&lt;/span&gt;&lt;/figcaption&gt;
&lt;/figure&gt;
&lt;div class="exe-fx exe-tabs"&gt;
&lt;h2&gt;Pestaña de ejemplo&lt;/h2&gt;
&lt;p&gt;Lorem ipsum dolor sit amet consectetur adipiscing elit cras lobortis ante pretium, faucibus morbi cursus tellus maecenas leo dignissim rutrum convallis. Volutpat cursus mauris scelerisque duis vulputate magna hac metus, himenaeos aliquam pulvinar est leo aenean platea integer enim, senectus interdum odio eu conubia iaculis diam.&lt;/p&gt;
&lt;h2&gt;Segunda pestaña&lt;/h2&gt;
&lt;p&gt;Ligula quis habitasse iaculis sapien erat hac pellentesque ridiculus tellus convallis accumsan, nullam laoreet parturient hendrerit faucibus semper aliquam quam gravida id. Diam commodo interdum mattis venenatis vestibulum metus feugiat non nam, lacinia sodales dictumst sociosqu eget platea felis nullam sapien vehicula, augue varius ultrices libero velit magna faucibus dapibus. Cras ac pharetra donec et lacus mollis morbi nostra libero, porta ligula eu sociosqu arcu ante id tempor curae laoreet, faucibus interdum ullamcorper phasellus cubilia penatibus dui netus. Integer at risus dictum ante vehicula, class viverra ultricies congue sociis, quis torquent leo proin.&lt;/p&gt;
&lt;/div&gt;
&lt;h3&gt;Diam commodo interdum mattis venenatis vestibulum (h3)&lt;/h3&gt;
&lt;p&gt;Ligula quis habitasse iaculis sapien erat hac pellentesque ridiculus tellus convallis accumsan, nullam laoreet parturient hendrerit faucibus semper aliquam quam gravida id. Diam commodo interdum mattis venenatis vestibulum metus feugiat non nam, &lt;em&gt;lacinia sodales dictumst sociosqu eget platea felis nullam sapien vehicula, augue varius ultrices&lt;/em&gt; libero velit magna faucibus dapibus. &lt;strong&gt;Cras ac pharetra donec et lacus mollis morbi nostra libero, porta ligula eu sociosqu arcu ante id tempor curae laoreet&lt;/strong&gt;, faucibus interdum ullamcorper phasellus cubilia penatibus dui netus. Integer &lt;a href="https://www.educa2.madrid.org/educamadrid/"&gt;at risus dictum ante vehicula&lt;/a&gt;, class viverra ultricies congue sociis, quis torquent leo proin.&lt;/p&gt;
&lt;h4&gt;Pharetra potenti nibh mauris id (h4)&lt;/h4&gt;
&lt;div class="exe-layout-2-cols exe-layout-2-50-50 exe-clear"&gt;
&lt;div class="exe-col exe-col-1"&gt;
&lt;p&gt;Lorem ipsum dolor sit amet consectetur adipiscing elit cras lobortis ante pretium, faucibus morbi cursus tellus maecenas leo dignissim rutrum convallis. Volutpat cursus mauris scelerisque duis vulputate magna hac metus, himenaeos aliquam pulvinar est leo aenean platea integer enim, senectus interdum odio eu conubia iaculis diam.&lt;/p&gt;
&lt;/div&gt;
&lt;div class="exe-col exe-col-2"&gt;
&lt;p&gt;At ac libero justo maecenas eleifend vel vivamus ullamcorper pretium non, sociis turpis etiam mattis eget pellentesque lacinia a. Pharetra potenti nibh mauris id non ultricies sollicitudin inceptos convallis lobortis, mi volutpat cursus tellus curabitur vehicula dui sociis felis, natoque facilisi aliquam erat dictumst sagittis mollis magnis vulputate.&lt;/p&gt;
&lt;/div&gt;
&lt;/div&gt;
&lt;div class="exe-fx exe-accordion"&gt;
&lt;h2&gt;Título intermedio en bloque con efecto&lt;/h2&gt;
&lt;p&gt;Ligula quis habitasse iaculis sapien erat hac pellentesque ridiculus tellus convallis accumsan, nullam laoreet parturient hendrerit faucibus semper aliquam quam gravida id. Diam commodo interdum mattis venenatis vestibulum metus feugiat non nam. Ligula quis habitasse iaculis sapien erat hac pellentesque ridiculus tellus convallis accumsan, nullam laoreet parturient hendrerit faucibus semper aliquam quam gravida id. Diam commodo interdum mattis venenatis vestibulum metus feugiat non nam. Ligula quis habitasse iaculis sapien erat hac pellentesque ridiculus tellus convallis accumsan, nullam laoreet parturient hendrerit faucibus semper aliquam quam gravida id. Diam commodo interdum mattis venenatis vestibulum metus feugiat non nam.&lt;/p&gt;
&lt;h2&gt;Otro título intermedio en un bloque con efecto&lt;/h2&gt;
&lt;p&gt;Porta nibh vivamus mus aliquam fermentum ligula nisl sed natoque, tristique vulputate class varius cras dignissim ridiculus libero, arcu justo ad duis platea quisque taciti facilisis. Massa arcu felis duis nisi velit mus augue ridiculus cursus, dui suscipit nulla enim integer malesuada viverra laoreet, commodo pharetra tempus habitasse dictumst molestie ultricies aenean.&lt;/p&gt;
&lt;h2&gt;Tercer y último título intermedio&lt;/h2&gt;
&lt;p&gt;Massa arcu felis duis nisi velit mus augue ridiculus cursus, dui suscipit nulla enim integer malesuada viverra laoreet, commodo pharetra tempus habitasse dictumst molestie ultricies aenean.&lt;/p&gt;
&lt;p&gt;Porta nibh vivamus mus aliquam fermentum ligula nisl sed natoque, tristique vulputate class varius cras dignissim ridiculus libero, arcu justo ad duis platea quisque taciti facilisis. Massa arcu felis duis nisi velit mus augue ridiculus cursus, dui suscipit nulla enim integer malesuada viverra laoreet, commodo pharetra tempus habitasse dictumst molestie ultricies aenean.&lt;/p&gt;
&lt;/div&gt;
&lt;h2&gt;Diam commodo interdum mattis venenatis (h2)&lt;/h2&gt;
&lt;p&gt;Ligula quis habitasse iaculis sapien erat hac pellentesque ridiculus tellus convallis accumsan, &lt;strong&gt;nullam laoreet parturient hendrerit faucibus semper aliquam quam gravida&lt;/strong&gt; id. Diam commodo interdum mattis venenatis vestibulum metus feugiat non nam.&lt;/p&gt;
&lt;ul&gt;
&lt;li&gt;At ac libero justo maecenas eleifend vel vivamus.
&lt;ul&gt;
&lt;li&gt;Ullamcorper pretium non, sociis turpis etiam mattis eget pellentesque lacinia a.&lt;/li&gt;
&lt;li&gt;Pharetra potenti nibh mauris id non ultricies sollicitudin.&lt;/li&gt;
&lt;/ul&gt;
&lt;/li&gt;
&lt;li&gt;Inceptos convallis lobortis, mi volutpat cursus.
&lt;ul&gt;
&lt;li&gt;Tellus curabitur vehicula dui sociis felis, natoque facilisi.&lt;/li&gt;
&lt;li&gt;Aliquam erat dictumst sagittis mollis magnis vulputate.&lt;/li&gt;
&lt;/ul&gt;
&lt;/li&gt;
&lt;/ul&gt;
&lt;p&gt;Ligula quis habitasse iaculis sapien erat hac pellentesque ridiculus tellus convallis accumsan, &lt;strong&gt;nullam laoreet parturient hendrerit faucibus semper&lt;/strong&gt; aliquam quam gravida id. Diam commodo interdum mattis venenatis vestibulum metus feugiat non nam.&lt;/p&gt;
&lt;/div&gt;
            &lt;div class="iDevice_buttons feedback-button js-required"&gt;
                &lt;input type="button" class="feedbacktooglebutton" value="Show Feedback"&gt;
            &lt;/div&gt;
            &lt;div class="feedback js-feedback js-hidden"&gt;&lt;p&gt;Interdum et malesuada fames ac ante ipsum primis in faucibus. Proin eu diam risus. Donec hendrerit sem in tortor blandit, id tristique neque dictum. Pellentesque non mi congue dolor pretium finibus. &lt;strong id="link_0"&gt;Maecenas feugiat et neque ac maximus.&lt;/strong&gt; Aliquam congue eros sed lacus mattis, nec sollicitudin massa vestibulum. Etiam iaculis, nulla id finibus venenatis, nisi dolor lacinia odio, sit amet laoreet dui est a arcu. Praesent dictum mi felis, vel cursus est hendrerit non. Duis nec dapibus dui, ut commodo quam. Nulla facilisi. Nulla &lt;a href="https://exelearning.net/"&gt;commodo vestibulum hendrerit&lt;/a&gt;. Fusce tristique faucibus turpis pretium gravida. Vivamus ultricies faucibus sapien. &lt;/p&gt;&lt;/div&gt;&lt;p class="clearfix"&gt;&lt;/p&gt;&lt;/div&gt;
            &lt;/div&gt;&lt;/div&gt;&lt;/div&gt;</htmlView><jsonProperties>{"ideviceId":"20251111074635VQOTOP","textInfoDurationInput":"","textInfoDurationTextInput":"Duration","textInfoParticipantsInput":"","textInfoParticipantsTextInput":"Grouping","textTextarea":"&lt;div class=\"exe-text\"&gt;\n&lt;p&gt;At ac libero justo maecenas eleifend vel vivamus ullamcorper pretium non, sociis turpis etiam mattis eget pellentesque lacinia a. Pharetra potenti nibh mauris id non ultricies sollicitudin inceptos convallis lobortis, mi volutpat cursus tellus curabitur vehicula dui sociis felis, natoque facilisi aliquam erat dictumst sagittis mollis magnis vulputate.&lt;/p&gt;\n&lt;div class=\"exe-layout-3-cols exe-clear\"&gt;\n&lt;div class=\"exe-col exe-col-1\"&gt;\n&lt;p&gt;&lt;img src=\"{{context_path}}/20251111074635VQOTOP/sq01.jpg\" alt=\"\" width=\"500\" height=\"500\" /&gt;&lt;/p&gt;\n&lt;p&gt;Ligula quis habitasse iaculis sapien erat hac pellentesque ridiculus tellus convallis accumsan, nullam laoreet parturient.&lt;/p&gt;\n&lt;/div&gt;\n&lt;div class=\"exe-col exe-col-2\"&gt;\n&lt;p&gt;&lt;img src=\"{{context_path}}/20251111074635VQOTOP/sq02.jpg\" alt=\"\" width=\"500\" height=\"500\" /&gt;&lt;/p&gt;\n&lt;p&gt;Cras ac pharetra donec et lacus mollis morbi nostra libero. Lorem ipsum dolor sit amet...&lt;/p&gt;\n&lt;/div&gt;\n&lt;div class=\"exe-col exe-col-3\"&gt;\n&lt;p&gt;&lt;img src=\"{{context_path}}/20251111074635VQOTOP/sq03.jpg\" alt=\"\" width=\"500\" height=\"500\" /&gt;&lt;/p&gt;\n&lt;p&gt;At ac libero justo maecenas eleifend vel vivamus ullamcorper pretium non, sociis turpis etiam mattis eget pellentesque lacinia a.&lt;/p&gt;\n&lt;/div&gt;\n&lt;/div&gt;\n&lt;h2&gt;Varius cras dignissim ridiculus libero (h2)&lt;/h2&gt;\n&lt;p&gt;Porta nibh vivamus &lt;strong&gt;mus aliquam fermentum ligula nisl sed natoque&lt;/strong&gt;, tristique vulputate class varius cras dignissim ridiculus libero, arcu &lt;a href=\"https://www.educa2.madrid.org/educamadrid/\"&gt;justo ad duis platea quisque taciti facilisis&lt;/a&gt;. Massa arcu felis duis nisi velit mus augue ridiculus cursus, dui suscipit nulla enim integer malesuada viverra laoreet, commodo pharetra tempus habitasse dictumst molestie ultricies aenean.&lt;/p&gt;\n&lt;figure class=\"exe-figure exe-media position-center license-CC-BY-NC-SA\" style=\"width: 600px;\"&gt;&lt;iframe width=\"600\" height=\"337\" style=\"border: 0; overflow: hidden;\" src=\"https://mediateca.educa.madrid.org/video/hawm6m5vid6zbnv7/fs\" allowfullscreen=\"allowfullscreen\"&gt;&lt;/iframe&gt;\n&lt;figcaption class=\"figcaption\"&gt;&lt;a href=\"https://mediateca.educa.madrid.org/usuario/dgonzalezarroyo\" target=\"_blank\" class=\"author\" rel=\"noopener\"&gt;David G.&lt;/a&gt;. &lt;a href=\"https://mediateca.educa.madrid.org/video/hawm6m5vid6zbnv7\" target=\"_blank\" class=\"title\" rel=\"noopener\"&gt;&lt;em&gt;¿Qué ha hecho MAX por nosotros?&lt;/em&gt;&lt;/a&gt; &lt;span class=\"license\"&gt;&lt;span class=\"sep\"&gt;(&lt;/span&gt;&lt;a href=\"http://creativecommons.org/licenses/\" rel=\"license nofollow noopener\" target=\"_blank\" title=\"Creative Commons BY-NC-SA\"&gt;CC BY-NC-SA&lt;/a&gt;&lt;span class=\"sep\"&gt;)&lt;/span&gt;&lt;/span&gt;&lt;/figcaption&gt;\n&lt;/figure&gt;\n&lt;div class=\"exe-fx exe-tabs\"&gt;\n&lt;h2&gt;Pestaña de ejemplo&lt;/h2&gt;\n&lt;p&gt;Lorem ipsum dolor sit amet consectetur adipiscing elit cras lobortis ante pretium, faucibus morbi cursus tellus maecenas leo dignissim rutrum convallis. Volutpat cursus mauris scelerisque duis vulputate magna hac metus, himenaeos aliquam pulvinar est leo aenean platea integer enim, senectus interdum odio eu conubia iaculis diam.&lt;/p&gt;\n&lt;h2&gt;Segunda pestaña&lt;/h2&gt;\n&lt;p&gt;Ligula quis habitasse iaculis sapien erat hac pellentesque ridiculus tellus convallis accumsan, nullam laoreet parturient hendrerit faucibus semper aliquam quam gravida id. Diam commodo interdum mattis venenatis vestibulum metus feugiat non nam, lacinia sodales dictumst sociosqu eget platea felis nullam sapien vehicula, augue varius ultrices libero velit magna faucibus dapibus. Cras ac pharetra donec et lacus mollis morbi nostra libero, porta ligula eu sociosqu arcu ante id tempor curae laoreet, faucibus interdum ullamcorper phasellus cubilia penatibus dui netus. Integer at risus dictum ante vehicula, class viverra ultricies congue sociis, quis torquent leo proin.&lt;/p&gt;\n&lt;/div&gt;\n&lt;h3&gt;Diam commodo interdum mattis venenatis vestibulum (h3)&lt;/h3&gt;\n&lt;p&gt;Ligula quis habitasse iaculis sapien erat hac pellentesque ridiculus tellus convallis accumsan, nullam laoreet parturient hendrerit faucibus semper aliquam quam gravida id. Diam commodo interdum mattis venenatis vestibulum metus feugiat non nam, &lt;em&gt;lacinia sodales dictumst sociosqu eget platea felis nullam sapien vehicula, augue varius ultrices&lt;/em&gt; libero velit magna faucibus dapibus. &lt;strong&gt;Cras ac pharetra donec et lacus mollis morbi nostra libero, porta ligula eu sociosqu arcu ante id tempor curae laoreet&lt;/strong&gt;, faucibus interdum ullamcorper phasellus cubilia penatibus dui netus. Integer &lt;a href=\"https://www.educa2.madrid.org/educamadrid/\"&gt;at risus dictum ante vehicula&lt;/a&gt;, class viverra ultricies congue sociis, quis torquent leo proin.&lt;/p&gt;\n&lt;h4&gt;Pharetra potenti nibh mauris id (h4)&lt;/h4&gt;\n&lt;div class=\"exe-layout-2-cols exe-layout-2-50-50 exe-clear\"&gt;\n&lt;div class=\"exe-col exe-col-1\"&gt;\n&lt;p&gt;Lorem ipsum dolor sit amet consectetur adipiscing elit cras lobortis ante pretium, faucibus morbi cursus tellus maecenas leo dignissim rutrum convallis. Volutpat cursus mauris scelerisque duis vulputate magna hac metus, himenaeos aliquam pulvinar est leo aenean platea integer enim, senectus interdum odio eu conubia iaculis diam.&lt;/p&gt;\n&lt;/div&gt;\n&lt;div class=\"exe-col exe-col-2\"&gt;\n&lt;p&gt;At ac libero justo maecenas eleifend vel vivamus ullamcorper pretium non, sociis turpis etiam mattis eget pellentesque lacinia a. Pharetra potenti nibh mauris id non ultricies sollicitudin inceptos convallis lobortis, mi volutpat cursus tellus curabitur vehicula dui sociis felis, natoque facilisi aliquam erat dictumst sagittis mollis magnis vulputate.&lt;/p&gt;\n&lt;/div&gt;\n&lt;/div&gt;\n&lt;div class=\"exe-fx exe-accordion\"&gt;\n&lt;h2&gt;Título intermedio en bloque con efecto&lt;/h2&gt;\n&lt;p&gt;Ligula quis habitasse iaculis sapien erat hac pellentesque ridiculus tellus convallis accumsan, nullam laoreet parturient hendrerit faucibus semper aliquam quam gravida id. Diam commodo interdum mattis venenatis vestibulum metus feugiat non nam. Ligula quis habitasse iaculis sapien erat hac pellentesque ridiculus tellus convallis accumsan, nullam laoreet parturient hendrerit faucibus semper aliquam quam gravida id. Diam commodo interdum mattis venenatis vestibulum metus feugiat non nam. Ligula quis habitasse iaculis sapien erat hac pellentesque ridiculus tellus convallis accumsan, nullam laoreet parturient hendrerit faucibus semper aliquam quam gravida id. Diam commodo interdum mattis venenatis vestibulum metus feugiat non nam.&lt;/p&gt;\n&lt;h2&gt;Otro título intermedio en un bloque con efecto&lt;/h2&gt;\n&lt;p&gt;Porta nibh vivamus mus aliquam fermentum ligula nisl sed natoque, tristique vulputate class varius cras dignissim ridiculus libero, arcu justo ad duis platea quisque taciti facilisis. Massa arcu felis duis nisi velit mus augue ridiculus cursus, dui suscipit nulla enim integer malesuada viverra laoreet, commodo pharetra tempus habitasse dictumst molestie ultricies aenean.&lt;/p&gt;\n&lt;h2&gt;Tercer y último título intermedio&lt;/h2&gt;\n&lt;p&gt;Massa arcu felis duis nisi velit mus augue ridiculus cursus, dui suscipit nulla enim integer malesuada viverra laoreet, commodo pharetra tempus habitasse dictumst molestie ultricies aenean.&lt;/p&gt;\n&lt;p&gt;Porta nibh vivamus mus aliquam fermentum ligula nisl sed natoque, tristique vulputate class varius cras dignissim ridiculus libero, arcu justo ad duis platea quisque taciti facilisis. Massa arcu felis duis nisi velit mus augue ridiculus cursus, dui suscipit nulla enim integer malesuada viverra laoreet, commodo pharetra tempus habitasse dictumst molestie ultricies aenean.&lt;/p&gt;\n&lt;/div&gt;\n&lt;h2&gt;Diam commodo interdum mattis venenatis (h2)&lt;/h2&gt;\n&lt;p&gt;Ligula quis habitasse iaculis sapien erat hac pellentesque ridiculus tellus convallis accumsan, &lt;strong&gt;nullam laoreet parturient hendrerit faucibus semper aliquam quam gravida&lt;/strong&gt; id. Diam commodo interdum mattis venenatis vestibulum metus feugiat non nam.&lt;/p&gt;\n&lt;ul&gt;\n&lt;li&gt;At ac libero justo maecenas eleifend vel vivamus.\n&lt;ul&gt;\n&lt;li&gt;Ullamcorper pretium non, sociis turpis etiam mattis eget pellentesque lacinia a.&lt;/li&gt;\n&lt;li&gt;Pharetra potenti nibh mauris id non ultricies sollicitudin.&lt;/li&gt;\n&lt;/ul&gt;\n&lt;/li&gt;\n&lt;li&gt;Inceptos convallis lobortis, mi volutpat cursus.\n&lt;ul&gt;\n&lt;li&gt;Tellus curabitur vehicula dui sociis felis, natoque facilisi.&lt;/li&gt;\n&lt;li&gt;Aliquam erat dictumst sagittis mollis magnis vulputate.&lt;/li&gt;\n&lt;/ul&gt;\n&lt;/li&gt;\n&lt;/ul&gt;\n&lt;p&gt;Ligula quis habitasse iaculis sapien erat hac pellentesque ridiculus tellus convallis accumsan, &lt;strong&gt;nullam laoreet parturient hendrerit faucibus semper&lt;/strong&gt; aliquam quam gravida id. Diam commodo interdum mattis venenatis vestibulum metus feugiat non nam.&lt;/p&gt;\n&lt;/div&gt;","textFeedbackInput":"Show Feedback","textFeedbackTextarea":"&lt;p&gt;Interdum et malesuada fames ac ante ipsum primis in faucibus. Proin eu diam risus. Donec hendrerit sem in tortor blandit, id tristique neque dictum. Pellentesque non mi congue dolor pretium finibus. &lt;strong id=\"link_0\"&gt;Maecenas feugiat et neque ac maximus.&lt;/strong&gt; Aliquam congue eros sed lacus mattis, nec sollicitudin massa vestibulum. Etiam iaculis, nulla id finibus venenatis, nisi dolor lacinia odio, sit amet laoreet dui est a arcu. Praesent dictum mi felis, vel cursus est hendrerit non. Duis nec dapibus dui, ut commodo quam. Nulla facilisi. Nulla &lt;a href=\"https://exelearning.net/\"&gt;commodo vestibulum hendrerit&lt;/a&gt;. Fusce tristique faucibus turpis pretium gravida. Vivamus ultricies faucibus sapien. &lt;/p&gt;"}</jsonProperties><odeComponentsOrder>1</odeComponentsOrder><odeComponentsProperties><odeComponentsProperty><key>visibility</key><value>true</value></odeComponentsProperty><odeComponentsProperty><key>teacherOnly</key><value>false</value></odeComponentsProperty><odeComponentsProperty><key>identifier</key><value/></odeComponentsProperty><odeComponentsProperty><key>cssClass</key><value/></odeComponentsProperty></odeComponentsProperties></odeComponent></odeComponents></odePagStructure></odePagStructures></odeNavStructure><odeNavStructure><odePageId>20251114131438LFHIEK</odePageId><odeParentPageId/><pageName>Vestibulum in tortor</pageName><odeNavStructureOrder>3</odeNavStructureOrder><odeNavStructureProperties><odeNavStructureProperty><key>titlePage</key><value>Vestibulum in tortor</value></odeNavStructureProperty><odeNavStructureProperty><key>titleNode</key><value>Vestibulum in tortor</value></odeNavStructureProperty><odeNavStructureProperty><key>hidePageTitle</key><value>false</value></odeNavStructureProperty><odeNavStructureProperty><key>titleHtml</key><value/></odeNavStructureProperty><odeNavStructureProperty><key>editableInPage</key><value>false</value></odeNavStructureProperty><odeNavStructureProperty><key>visibility</key><value>true</value></odeNavStructureProperty><odeNavStructureProperty><key>highlight</key><value>false</value></odeNavStructureProperty><odeNavStructureProperty><key>description</key><value/></odeNavStructureProperty></odeNavStructureProperties><odePagStructures/></odeNavStructure><odeNavStructure><odePageId>20251114131438QPRRDY</odePageId><odeParentPageId/><pageName>Proin neque eros, feugiat id vulputate</pageName><odeNavStructureOrder>4</odeNavStructureOrder><odeNavStructureProperties><odeNavStructureProperty><key>titlePage</key><value>Proin neque eros, feugiat id vulputate</value></odeNavStructureProperty><odeNavStructureProperty><key>titleNode</key><value>Proin neque eros, feugiat id vulputate</value></odeNavStructureProperty><odeNavStructureProperty><key>hidePageTitle</key><value>false</value></odeNavStructureProperty><odeNavStructureProperty><key>titleHtml</key><value/></odeNavStructureProperty><odeNavStructureProperty><key>editableInPage</key><value>false</value></odeNavStructureProperty><odeNavStructureProperty><key>visibility</key><value>true</value></odeNavStructureProperty><odeNavStructureProperty><key>highlight</key><value>false</value></odeNavStructureProperty><odeNavStructureProperty><key>description</key><value/></odeNavStructureProperty></odeNavStructureProperties><odePagStructures/></odeNavStructure><odeNavStructure><odePageId>20251114131438SSLMDJ</odePageId><odeParentPageId/><pageName>Duis placerat diam sit amet lacus iaculis luctus</pageName><odeNavStructureOrder>5</odeNavStructureOrder><odeNavStructureProperties><odeNavStructureProperty><key>titlePage</key><value>Duis placerat diam sit amet lacus iaculis luctus</value></odeNavStructureProperty><odeNavStructureProperty><key>titleNode</key><value>Duis placerat diam sit amet lacus iaculis luctus</value></odeNavStructureProperty><odeNavStructureProperty><key>hidePageTitle</key><value>false</value></odeNavStructureProperty><odeNavStructureProperty><key>titleHtml</key><value/></odeNavStructureProperty><odeNavStructureProperty><key>editableInPage</key><value>false</value></odeNavStructureProperty><odeNavStructureProperty><key>visibility</key><value>true</value></odeNavStructureProperty><odeNavStructureProperty><key>highlight</key><value>false</value></odeNavStructureProperty><odeNavStructureProperty><key>description</key><value/></odeNavStructureProperty></odeNavStructureProperties><odePagStructures/></odeNavStructure><odeNavStructure><odePageId>20251114131438HRVWZH</odePageId><odeParentPageId/><pageName>Highlighted page</pageName><odeNavStructureOrder>6</odeNavStructureOrder><odeNavStructureProperties><odeNavStructureProperty><key>titlePage</key><value>Highlighted page</value></odeNavStructureProperty><odeNavStructureProperty><key>titleNode</key><value>Highlighted page</value></odeNavStructureProperty><odeNavStructureProperty><key>hidePageTitle</key><value>false</value></odeNavStructureProperty><odeNavStructureProperty><key>titleHtml</key><value/></odeNavStructureProperty><odeNavStructureProperty><key>editableInPage</key><value>false</value></odeNavStructureProperty><odeNavStructureProperty><key>visibility</key><value>true</value></odeNavStructureProperty><odeNavStructureProperty><key>highlight</key><value>true</value></odeNavStructureProperty><odeNavStructureProperty><key>description</key><value/></odeNavStructureProperty></odeNavStructureProperties><odePagStructures/></odeNavStructure><odeNavStructure><odePageId>20251114131438TTBZYL</odePageId><odeParentPageId/><pageName>UDL examples</pageName><odeNavStructureOrder>7</odeNavStructureOrder><odeNavStructureProperties><odeNavStructureProperty><key>titlePage</key><value>UDL examples</value></odeNavStructureProperty><odeNavStructureProperty><key>titleNode</key><value>UDL examples</value></odeNavStructureProperty><odeNavStructureProperty><key>hidePageTitle</key><value>false</value></odeNavStructureProperty><odeNavStructureProperty><key>titleHtml</key><value/></odeNavStructureProperty><odeNavStructureProperty><key>editableInPage</key><value>false</value></odeNavStructureProperty><odeNavStructureProperty><key>visibility</key><value>true</value></odeNavStructureProperty><odeNavStructureProperty><key>highlight</key><value>true</value></odeNavStructureProperty><odeNavStructureProperty><key>description</key><value/></odeNavStructureProperty></odeNavStructureProperties><odePagStructures><odePagStructure><odePageId>20251114131438TTBZYL</odePageId><odeBlockId>20251114131438YSYXZY</odeBlockId><blockName>Green</blockName><iconName/><odePagStructureOrder>1</odePagStructureOrder><odePagStructureProperties><odePagStructureProperty><key>visibility</key><value>true</value></odePagStructureProperty><odePagStructureProperty><key>teacherOnly</key><value>false</value></odePagStructureProperty><odePagStructureProperty><key>allowToggle</key><value>true</value></odePagStructureProperty><odePagStructureProperty><key>minimized</key><value>false</value></odePagStructureProperty><odePagStructureProperty><key>identifier</key><value/></odePagStructureProperty><odePagStructureProperty><key>cssClass</key><value/></odePagStructureProperty></odePagStructureProperties><odeComponents><odeComponent><odePageId>20251114131438TTBZYL</odePageId><odeBlockId>20251114131438YSYXZY</odeBlockId><odeIdeviceId>20251114122913FIGWXP</odeIdeviceId><odeIdeviceTypeName>udl-content</odeIdeviceTypeName><htmlView>&lt;div class="exe-udlContent exe-udlContent-engagement"&gt;&lt;section class="exe-udlContent-block"&gt;&lt;div class="exe-udlContent-content"&gt;&lt;div class="exe-udlContent-content-main"&gt;&lt;p&gt;&lt;strong&gt;Green. &lt;/strong&gt;Sed ut perspiciatis unde omnis iste natus error sit voluptatem accusantium doloremque laudantium, totam rem aperiam, eaque ipsa quae ab illo inventore veritatis et quasi architecto beatae vitae dicta sunt explicabo.&lt;/p&gt;
&lt;table class="exe-table"&gt;&lt;caption&gt;Title&lt;/caption&gt;
&lt;thead&gt;
&lt;tr&gt;
&lt;th&gt;eXeLearning&lt;/th&gt;
&lt;th&gt;eXeLearning&lt;/th&gt;
&lt;th&gt;eXeLearning&lt;/th&gt;
&lt;th&gt;eXeLearning&lt;/th&gt;
&lt;/tr&gt;
&lt;/thead&gt;
&lt;tbody&gt;
&lt;tr&gt;
&lt;th&gt;eXeLearning&lt;/th&gt;
&lt;td&gt;eXeLearning&lt;/td&gt;
&lt;td&gt;eXeLearning&lt;/td&gt;
&lt;td&gt;eXeLearning&lt;/td&gt;
&lt;/tr&gt;
&lt;tr&gt;
&lt;th&gt;eXeLearning&lt;/th&gt;
&lt;td&gt;eXeLearning&lt;/td&gt;
&lt;td&gt;eXeLearning&lt;/td&gt;
&lt;td&gt;eXeLearning&lt;/td&gt;
&lt;/tr&gt;
&lt;tr&gt;
&lt;th&gt;eXeLearning&lt;/th&gt;
&lt;td&gt;eXeLearning&lt;/td&gt;
&lt;td&gt;eXeLearning&lt;/td&gt;
&lt;td&gt;eXeLearning&lt;/td&gt;
&lt;/tr&gt;
&lt;/tbody&gt;
&lt;/table&gt;
&lt;p&gt;Nemo enim ipsam voluptatem quia voluptas sit aspernatur aut odit aut fugit, sed quia consequuntur magni dolores eos qui ratione voluptatem sequi nesciunt. Neque porro quisquam est, qui dolorem ipsum quia dolor sit amet, consectetur, adipisci velit, sed quia non numquam eius modi tempora incidunt ut labore et dolore magnam aliquam quaerat voluptatem.&lt;/p&gt;&lt;/div&gt;&lt;/div&gt;&lt;/section&gt;&lt;/div&gt;</htmlView><jsonProperties>{"ideviceId":"20251114122913FIGWXP","textInfoDurationInput":"","textInfoParticipantsInput":"","textInfoDurationTextInput":"","textInfoParticipantsTextInput":"","textTextarea":"&lt;div class=\"exe-udlContent exe-udlContent-engagement\"&gt;&lt;section class=\"exe-udlContent-block\"&gt;&lt;div class=\"exe-udlContent-content\"&gt;&lt;div class=\"exe-udlContent-content-main\"&gt;&lt;p&gt;&lt;strong&gt;Green. &lt;/strong&gt;Sed ut perspiciatis unde omnis iste natus error sit voluptatem accusantium doloremque laudantium, totam rem aperiam, eaque ipsa quae ab illo inventore veritatis et quasi architecto beatae vitae dicta sunt explicabo.&lt;/p&gt;\n&lt;table class=\"exe-table\"&gt;&lt;caption&gt;Title&lt;/caption&gt;\n&lt;thead&gt;\n&lt;tr&gt;\n&lt;th&gt;eXeLearning&lt;/th&gt;\n&lt;th&gt;eXeLearning&lt;/th&gt;\n&lt;th&gt;eXeLearning&lt;/th&gt;\n&lt;th&gt;eXeLearning&lt;/th&gt;\n&lt;/tr&gt;\n&lt;/thead&gt;\n&lt;tbody&gt;\n&lt;tr&gt;\n&lt;th&gt;eXeLearning&lt;/th&gt;\n&lt;td&gt;eXeLearning&lt;/td&gt;\n&lt;td&gt;eXeLearning&lt;/td&gt;\n&lt;td&gt;eXeLearning&lt;/td&gt;\n&lt;/tr&gt;\n&lt;tr&gt;\n&lt;th&gt;eXeLearning&lt;/th&gt;\n&lt;td&gt;eXeLearning&lt;/td&gt;\n&lt;td&gt;eXeLearning&lt;/td&gt;\n&lt;td&gt;eXeLearning&lt;/td&gt;\n&lt;/tr&gt;\n&lt;tr&gt;\n&lt;th&gt;eXeLearning&lt;/th&gt;\n&lt;td&gt;eXeLearning&lt;/td&gt;\n&lt;td&gt;eXeLearning&lt;/td&gt;\n&lt;td&gt;eXeLearning&lt;/td&gt;\n&lt;/tr&gt;\n&lt;/tbody&gt;\n&lt;/table&gt;\n&lt;p&gt;Nemo enim ipsam voluptatem quia voluptas sit aspernatur aut odit aut fugit, sed quia consequuntur magni dolores eos qui ratione voluptatem sequi nesciunt. Neque porro quisquam est, qui dolorem ipsum quia dolor sit amet, consectetur, adipisci velit, sed quia non numquam eius modi tempora incidunt ut labore et dolore magnam aliquam quaerat voluptatem.&lt;/p&gt;&lt;/div&gt;&lt;/div&gt;&lt;/section&gt;&lt;/div&gt;","textFeedbackInput":"","textFeedbackTextarea":""}</jsonProperties><odeComponentsOrder>1</odeComponentsOrder><odeComponentsProperties><odeComponentsProperty><key>visibility</key><value>true</value></odeComponentsProperty><odeComponentsProperty><key>teacherOnly</key><value>false</value></odeComponentsProperty><odeComponentsProperty><key>identifier</key><value/></odeComponentsProperty><odeComponentsProperty><key>cssClass</key><value/></odeComponentsProperty></odeComponentsProperties></odeComponent></odeComponents></odePagStructure><odePagStructure><odePageId>20251114131438TTBZYL</odePageId><odeBlockId>20251114131438DRDBNS</odeBlockId><blockName>Purple</blockName><iconName/><odePagStructureOrder>4</odePagStructureOrder><odePagStructureProperties><odePagStructureProperty><key>visibility</key><value>true</value></odePagStructureProperty><odePagStructureProperty><key>teacherOnly</key><value>false</value></odePagStructureProperty><odePagStructureProperty><key>allowToggle</key><value>true</value></odePagStructureProperty><odePagStructureProperty><key>minimized</key><value>false</value></odePagStructureProperty><odePagStructureProperty><key>identifier</key><value/></odePagStructureProperty><odePagStructureProperty><key>cssClass</key><value/></odePagStructureProperty></odePagStructureProperties><odeComponents><odeComponent><odePageId>20251114131438TTBZYL</odePageId><odeBlockId>20251114131438DRDBNS</odeBlockId><odeIdeviceId>20251114122913NBWMLO</odeIdeviceId><odeIdeviceTypeName>udl-content</odeIdeviceTypeName><htmlView>&lt;div class="exe-udlContent exe-udlContent-representation"&gt;&lt;section class="exe-udlContent-block"&gt;&lt;div class="exe-udlContent-content"&gt;&lt;div class="exe-udlContent-content-main"&gt;&lt;p&gt;&lt;strong&gt;Purple. &lt;/strong&gt;Sed ut perspiciatis unde omnis iste natus error sit voluptatem accusantium doloremque laudantium, totam rem aperiam, eaque ipsa quae ab illo inventore veritatis et quasi architecto beatae vitae dicta sunt explicabo.&lt;/p&gt;
&lt;table class="exe-table"&gt;&lt;caption&gt;Title&lt;/caption&gt;
&lt;thead&gt;
&lt;tr&gt;
&lt;th&gt;eXeLearning&lt;/th&gt;
&lt;th&gt;eXeLearning&lt;/th&gt;
&lt;th&gt;eXeLearning&lt;/th&gt;
&lt;th&gt;eXeLearning&lt;/th&gt;
&lt;/tr&gt;
&lt;/thead&gt;
&lt;tbody&gt;
&lt;tr&gt;
&lt;th&gt;eXeLearning&lt;/th&gt;
&lt;td&gt;eXeLearning&lt;/td&gt;
&lt;td&gt;eXeLearning&lt;/td&gt;
&lt;td&gt;eXeLearning&lt;/td&gt;
&lt;/tr&gt;
&lt;tr&gt;
&lt;th&gt;eXeLearning&lt;/th&gt;
&lt;td&gt;eXeLearning&lt;/td&gt;
&lt;td&gt;eXeLearning&lt;/td&gt;
&lt;td&gt;eXeLearning&lt;/td&gt;
&lt;/tr&gt;
&lt;tr&gt;
&lt;th&gt;eXeLearning&lt;/th&gt;
&lt;td&gt;eXeLearning&lt;/td&gt;
&lt;td&gt;eXeLearning&lt;/td&gt;
&lt;td&gt;eXeLearning&lt;/td&gt;
&lt;/tr&gt;
&lt;/tbody&gt;
&lt;/table&gt;
&lt;p&gt;Nemo enim ipsam voluptatem quia voluptas sit aspernatur aut odit aut fugit, sed quia consequuntur magni dolores eos qui ratione voluptatem sequi nesciunt. Neque porro quisquam est, qui dolorem ipsum quia dolor sit amet, consectetur, adipisci velit, sed quia non numquam eius modi tempora incidunt ut labore et dolore magnam aliquam quaerat voluptatem.&lt;/p&gt;&lt;/div&gt;&lt;/div&gt;&lt;/section&gt;&lt;/div&gt;</htmlView><jsonProperties>{"ideviceId":"20251114122913NBWMLO","textInfoDurationInput":"","textInfoParticipantsInput":"","textInfoDurationTextInput":"","textInfoParticipantsTextInput":"","textTextarea":"&lt;div class=\"exe-udlContent exe-udlContent-representation\"&gt;&lt;section class=\"exe-udlContent-block\"&gt;&lt;div class=\"exe-udlContent-content\"&gt;&lt;div class=\"exe-udlContent-content-main\"&gt;&lt;p&gt;&lt;strong&gt;Purple. &lt;/strong&gt;Sed ut perspiciatis unde omnis iste natus error sit voluptatem accusantium doloremque laudantium, totam rem aperiam, eaque ipsa quae ab illo inventore veritatis et quasi architecto beatae vitae dicta sunt explicabo.&lt;/p&gt;\n&lt;table class=\"exe-table\"&gt;&lt;caption&gt;Title&lt;/caption&gt;\n&lt;thead&gt;\n&lt;tr&gt;\n&lt;th&gt;eXeLearning&lt;/th&gt;\n&lt;th&gt;eXeLearning&lt;/th&gt;\n&lt;th&gt;eXeLearning&lt;/th&gt;\n&lt;th&gt;eXeLearning&lt;/th&gt;\n&lt;/tr&gt;\n&lt;/thead&gt;\n&lt;tbody&gt;\n&lt;tr&gt;\n&lt;th&gt;eXeLearning&lt;/th&gt;\n&lt;td&gt;eXeLearning&lt;/td&gt;\n&lt;td&gt;eXeLearning&lt;/td&gt;\n&lt;td&gt;eXeLearning&lt;/td&gt;\n&lt;/tr&gt;\n&lt;tr&gt;\n&lt;th&gt;eXeLearning&lt;/th&gt;\n&lt;td&gt;eXeLearning&lt;/td&gt;\n&lt;td&gt;eXeLearning&lt;/td&gt;\n&lt;td&gt;eXeLearning&lt;/td&gt;\n&lt;/tr&gt;\n&lt;tr&gt;\n&lt;th&gt;eXeLearning&lt;/th&gt;\n&lt;td&gt;eXeLearning&lt;/td&gt;\n&lt;td&gt;eXeLearning&lt;/td&gt;\n&lt;td&gt;eXeLearning&lt;/td&gt;\n&lt;/tr&gt;\n&lt;/tbody&gt;\n&lt;/table&gt;\n&lt;p&gt;Nemo enim ipsam voluptatem quia voluptas sit aspernatur aut odit aut fugit, sed quia consequuntur magni dolores eos qui ratione voluptatem sequi nesciunt. Neque porro quisquam est, qui dolorem ipsum quia dolor sit amet, consectetur, adipisci velit, sed quia non numquam eius modi tempora incidunt ut labore et dolore magnam aliquam quaerat voluptatem.&lt;/p&gt;&lt;/div&gt;&lt;/div&gt;&lt;/section&gt;&lt;/div&gt;","textFeedbackInput":"","textFeedbackTextarea":""}</jsonProperties><odeComponentsOrder>1</odeComponentsOrder><odeComponentsProperties><odeComponentsProperty><key>visibility</key><value>true</value></odeComponentsProperty><odeComponentsProperty><key>teacherOnly</key><value>false</value></odeComponentsProperty><odeComponentsProperty><key>identifier</key><value/></odeComponentsProperty><odeComponentsProperty><key>cssClass</key><value/></odeComponentsProperty></odeComponentsProperties></odeComponent></odeComponents></odePagStructure><odePagStructure><odePageId>20251114131438TTBZYL</odePageId><odeBlockId>20251114131438VFAJMI</odeBlockId><blockName>Blue</blockName><iconName/><odePagStructureOrder>6</odePagStructureOrder><odePagStructureProperties><odePagStructureProperty><key>visibility</key><value>true</value></odePagStructureProperty><odePagStructureProperty><key>teacherOnly</key><value>false</value></odePagStructureProperty><odePagStructureProperty><key>allowToggle</key><value>true</value></odePagStructureProperty><odePagStructureProperty><key>minimized</key><value>false</value></odePagStructureProperty><odePagStructureProperty><key>identifier</key><value/></odePagStructureProperty><odePagStructureProperty><key>cssClass</key><value/></odePagStructureProperty></odePagStructureProperties><odeComponents><odeComponent><odePageId>20251114131438TTBZYL</odePageId><odeBlockId>20251114131438VFAJMI</odeBlockId><odeIdeviceId>20251114122913SZDJYS</odeIdeviceId><odeIdeviceTypeName>udl-content</odeIdeviceTypeName><htmlView>&lt;div class="exe-udlContent exe-udlContent-expression"&gt;&lt;section class="exe-udlContent-block"&gt;&lt;div class="exe-udlContent-content"&gt;&lt;div class="exe-udlContent-content-main"&gt;&lt;p&gt;&lt;strong&gt;Blue. &lt;/strong&gt;Sed ut perspiciatis unde omnis iste natus error sit voluptatem accusantium doloremque laudantium, totam rem aperiam, eaque ipsa quae ab illo inventore veritatis et quasi architecto beatae vitae dicta sunt explicabo.&lt;/p&gt;
&lt;table class="exe-table"&gt;&lt;caption&gt;Title&lt;/caption&gt;
&lt;thead&gt;
&lt;tr&gt;
&lt;th&gt;eXeLearning&lt;/th&gt;
&lt;th&gt;eXeLearning&lt;/th&gt;
&lt;th&gt;eXeLearning&lt;/th&gt;
&lt;th&gt;eXeLearning&lt;/th&gt;
&lt;/tr&gt;
&lt;/thead&gt;
&lt;tbody&gt;
&lt;tr&gt;
&lt;th&gt;eXeLearning&lt;/th&gt;
&lt;td&gt;eXeLearning&lt;/td&gt;
&lt;td&gt;eXeLearning&lt;/td&gt;
&lt;td&gt;eXeLearning&lt;/td&gt;
&lt;/tr&gt;
&lt;tr&gt;
&lt;th&gt;eXeLearning&lt;/th&gt;
&lt;td&gt;eXeLearning&lt;/td&gt;
&lt;td&gt;eXeLearning&lt;/td&gt;
&lt;td&gt;eXeLearning&lt;/td&gt;
&lt;/tr&gt;
&lt;tr&gt;
&lt;th&gt;eXeLearning&lt;/th&gt;
&lt;td&gt;eXeLearning&lt;/td&gt;
&lt;td&gt;eXeLearning&lt;/td&gt;
&lt;td&gt;eXeLearning&lt;/td&gt;
&lt;/tr&gt;
&lt;/tbody&gt;
&lt;/table&gt;
&lt;p&gt;Nemo enim ipsam voluptatem quia voluptas sit aspernatur aut odit aut fugit, sed quia consequuntur magni dolores eos qui ratione voluptatem sequi nesciunt. Neque porro quisquam est, qui dolorem ipsum quia dolor sit amet, consectetur, adipisci velit, sed quia non numquam eius modi tempora incidunt ut labore et dolore magnam aliquam quaerat voluptatem.&lt;/p&gt;&lt;/div&gt;&lt;/div&gt;&lt;/section&gt;&lt;/div&gt;</htmlView><jsonProperties>{"ideviceId":"20251114122913SZDJYS","textInfoDurationInput":"","textInfoParticipantsInput":"","textInfoDurationTextInput":"","textInfoParticipantsTextInput":"","textTextarea":"&lt;div class=\"exe-udlContent exe-udlContent-expression\"&gt;&lt;section class=\"exe-udlContent-block\"&gt;&lt;div class=\"exe-udlContent-content\"&gt;&lt;div class=\"exe-udlContent-content-main\"&gt;&lt;p&gt;&lt;strong&gt;Blue. &lt;/strong&gt;Sed ut perspiciatis unde omnis iste natus error sit voluptatem accusantium doloremque laudantium, totam rem aperiam, eaque ipsa quae ab illo inventore veritatis et quasi architecto beatae vitae dicta sunt explicabo.&lt;/p&gt;\n&lt;table class=\"exe-table\"&gt;&lt;caption&gt;Title&lt;/caption&gt;\n&lt;thead&gt;\n&lt;tr&gt;\n&lt;th&gt;eXeLearning&lt;/th&gt;\n&lt;th&gt;eXeLearning&lt;/th&gt;\n&lt;th&gt;eXeLearning&lt;/th&gt;\n&lt;th&gt;eXeLearning&lt;/th&gt;\n&lt;/tr&gt;\n&lt;/thead&gt;\n&lt;tbody&gt;\n&lt;tr&gt;\n&lt;th&gt;eXeLearning&lt;/th&gt;\n&lt;td&gt;eXeLearning&lt;/td&gt;\n&lt;td&gt;eXeLearning&lt;/td&gt;\n&lt;td&gt;eXeLearning&lt;/td&gt;\n&lt;/tr&gt;\n&lt;tr&gt;\n&lt;th&gt;eXeLearning&lt;/th&gt;\n&lt;td&gt;eXeLearning&lt;/td&gt;\n&lt;td&gt;eXeLearning&lt;/td&gt;\n&lt;td&gt;eXeLearning&lt;/td&gt;\n&lt;/tr&gt;\n&lt;tr&gt;\n&lt;th&gt;eXeLearning&lt;/th&gt;\n&lt;td&gt;eXeLearning&lt;/td&gt;\n&lt;td&gt;eXeLearning&lt;/td&gt;\n&lt;td&gt;eXeLearning&lt;/td&gt;\n&lt;/tr&gt;\n&lt;/tbody&gt;\n&lt;/table&gt;\n&lt;p&gt;Nemo enim ipsam voluptatem quia voluptas sit aspernatur aut odit aut fugit, sed quia consequuntur magni dolores eos qui ratione voluptatem sequi nesciunt. Neque porro quisquam est, qui dolorem ipsum quia dolor sit amet, consectetur, adipisci velit, sed quia non numquam eius modi tempora incidunt ut labore et dolore magnam aliquam quaerat voluptatem.&lt;/p&gt;&lt;/div&gt;&lt;/div&gt;&lt;/section&gt;&lt;/div&gt;","textFeedbackInput":"","textFeedbackTextarea":""}</jsonProperties><odeComponentsOrder>1</odeComponentsOrder><odeComponentsProperties><odeComponentsProperty><key>visibility</key><value>true</value></odeComponentsProperty><odeComponentsProperty><key>teacherOnly</key><value>false</value></odeComponentsProperty><odeComponentsProperty><key>identifier</key><value/></odeComponentsProperty><odeComponentsProperty><key>cssClass</key><value/></odeComponentsProperty></odeComponentsProperties></odeComponent></odeComponents></odePagStructure></odePagStructures></odeNavStructure><odeNavStructure><odePageId>20251114131438WBIWIT</odePageId><odeParentPageId>20251114131438LFHIEK</odeParentPageId><pageName>Phasellus maximus 2.1</pageName><odeNavStructureOrder>1</odeNavStructureOrder><odeNavStructureProperties><odeNavStructureProperty><key>titlePage</key><value>Phasellus maximus 2.1</value></odeNavStructureProperty><odeNavStructureProperty><key>titleNode</key><value>Phasellus maximus 2.1</value></odeNavStructureProperty><odeNavStructureProperty><key>hidePageTitle</key><value>false</value></odeNavStructureProperty><odeNavStructureProperty><key>titleHtml</key><value/></odeNavStructureProperty><odeNavStructureProperty><key>editableInPage</key><value>false</value></odeNavStructureProperty><odeNavStructureProperty><key>visibility</key><value>true</value></odeNavStructureProperty><odeNavStructureProperty><key>highlight</key><value>false</value></odeNavStructureProperty><odeNavStructureProperty><key>description</key><value/></odeNavStructureProperty></odeNavStructureProperties><odePagStructures/></odeNavStructure><odeNavStructure><odePageId>20251114131438YMDSYV</odePageId><odeParentPageId>20251114131438LFHIEK</odeParentPageId><pageName>Nunc posuere laoreet 2.2</pageName><odeNavStructureOrder>2</odeNavStructureOrder><odeNavStructureProperties><odeNavStructureProperty><key>titlePage</key><value>Nunc posuere laoreet 2.2</value></odeNavStructureProperty><odeNavStructureProperty><key>titleNode</key><value>Nunc posuere laoreet 2.2</value></odeNavStructureProperty><odeNavStructureProperty><key>hidePageTitle</key><value>false</value></odeNavStructureProperty><odeNavStructureProperty><key>titleHtml</key><value/></odeNavStructureProperty><odeNavStructureProperty><key>editableInPage</key><value>false</value></odeNavStructureProperty><odeNavStructureProperty><key>visibility</key><value>true</value></odeNavStructureProperty><odeNavStructureProperty><key>highlight</key><value>false</value></odeNavStructureProperty><odeNavStructureProperty><key>description</key><value/></odeNavStructureProperty></odeNavStructureProperties><odePagStructures/></odeNavStructure><odeNavStructure><odePageId>20251114131438CDECTV</odePageId><odeParentPageId>20251114131438LFHIEK</odeParentPageId><pageName>Curabitur et purus sagittis</pageName><odeNavStructureOrder>3</odeNavStructureOrder><odeNavStructureProperties><odeNavStructureProperty><key>titlePage</key><value>Curabitur et purus sagittis</value></odeNavStructureProperty><odeNavStructureProperty><key>titleNode</key><value>Curabitur et purus sagittis</value></odeNavStructureProperty><odeNavStructureProperty><key>hidePageTitle</key><value>false</value></odeNavStructureProperty><odeNavStructureProperty><key>titleHtml</key><value/></odeNavStructureProperty><odeNavStructureProperty><key>editableInPage</key><value>false</value></odeNavStructureProperty><odeNavStructureProperty><key>visibility</key><value>true</value></odeNavStructureProperty><odeNavStructureProperty><key>highlight</key><value>false</value></odeNavStructureProperty><odeNavStructureProperty><key>description</key><value/></odeNavStructureProperty></odeNavStructureProperties><odePagStructures/></odeNavStructure><odeNavStructure><odePageId>20251114131438JSOLVJ</odePageId><odeParentPageId>20251114131438QPRRDY</odeParentPageId><pageName>Interdum et malesuada 3.1</pageName><odeNavStructureOrder>1</odeNavStructureOrder><odeNavStructureProperties><odeNavStructureProperty><key>titlePage</key><value>Interdum et malesuada 3.1</value></odeNavStructureProperty><odeNavStructureProperty><key>titleNode</key><value>Interdum et malesuada 3.1</value></odeNavStructureProperty><odeNavStructureProperty><key>hidePageTitle</key><value>false</value></odeNavStructureProperty><odeNavStructureProperty><key>titleHtml</key><value/></odeNavStructureProperty><odeNavStructureProperty><key>editableInPage</key><value>false</value></odeNavStructureProperty><odeNavStructureProperty><key>visibility</key><value>true</value></odeNavStructureProperty><odeNavStructureProperty><key>highlight</key><value>false</value></odeNavStructureProperty><odeNavStructureProperty><key>description</key><value/></odeNavStructureProperty></odeNavStructureProperties><odePagStructures/></odeNavStructure><odeNavStructure><odePageId>20251114131438UCODJM</odePageId><odeParentPageId>20251114131438QPRRDY</odeParentPageId><pageName>Maecenas id odio ornare 3.2</pageName><odeNavStructureOrder>2</odeNavStructureOrder><odeNavStructureProperties><odeNavStructureProperty><key>titlePage</key><value>Maecenas id odio ornare 3.2</value></odeNavStructureProperty><odeNavStructureProperty><key>titleNode</key><value>Maecenas id odio ornare 3.2</value></odeNavStructureProperty><odeNavStructureProperty><key>hidePageTitle</key><value>false</value></odeNavStructureProperty><odeNavStructureProperty><key>titleHtml</key><value/></odeNavStructureProperty><odeNavStructureProperty><key>editableInPage</key><value>false</value></odeNavStructureProperty><odeNavStructureProperty><key>visibility</key><value>true</value></odeNavStructureProperty><odeNavStructureProperty><key>highlight</key><value>false</value></odeNavStructureProperty><odeNavStructureProperty><key>description</key><value/></odeNavStructureProperty></odeNavStructureProperties><odePagStructures/></odeNavStructure><odeNavStructure><odePageId>20251114131438FWYMNX</odePageId><odeParentPageId>20251114131438YMDSYV</odeParentPageId><pageName>Nunc dapibus 2.1.1</pageName><odeNavStructureOrder>1</odeNavStructureOrder><odeNavStructureProperties><odeNavStructureProperty><key>titlePage</key><value>Nunc dapibus 2.1.1</value></odeNavStructureProperty><odeNavStructureProperty><key>titleNode</key><value>Nunc dapibus 2.1.1</value></odeNavStructureProperty><odeNavStructureProperty><key>hidePageTitle</key><value>false</value></odeNavStructureProperty><odeNavStructureProperty><key>titleHtml</key><value/></odeNavStructureProperty><odeNavStructureProperty><key>editableInPage</key><value>false</value></odeNavStructureProperty><odeNavStructureProperty><key>visibility</key><value>true</value></odeNavStructureProperty><odeNavStructureProperty><key>highlight</key><value>false</value></odeNavStructureProperty><odeNavStructureProperty><key>description</key><value/></odeNavStructureProperty></odeNavStructureProperties><odePagStructures/></odeNavStructure><odeNavStructure><odePageId>20251114131438CLEXNV</odePageId><odeParentPageId>20251114131438YMDSYV</odeParentPageId><pageName>Nunc dapibus 2.1.2</pageName><odeNavStructureOrder>2</odeNavStructureOrder><odeNavStructureProperties><odeNavStructureProperty><key>titlePage</key><value>Nunc dapibus 2.1.2</value></odeNavStructureProperty><odeNavStructureProperty><key>titleNode</key><value>Nunc dapibus 2.1.2</value></odeNavStructureProperty><odeNavStructureProperty><key>hidePageTitle</key><value>false</value></odeNavStructureProperty><odeNavStructureProperty><key>titleHtml</key><value/></odeNavStructureProperty><odeNavStructureProperty><key>editableInPage</key><value>false</value></odeNavStructureProperty><odeNavStructureProperty><key>visibility</key><value>true</value></odeNavStructureProperty><odeNavStructureProperty><key>highlight</key><value>false</value></odeNavStructureProperty><odeNavStructureProperty><key>description</key><value/></odeNavStructureProperty></odeNavStructureProperties><odePagStructures/></odeNavStructure><odeNavStructure><odePageId>20251114131438IQBJDD</odePageId><odeParentPageId>20251114131438YMDSYV</odeParentPageId><pageName>Nunc dapibus 2.1.3</pageName><odeNavStructureOrder>3</odeNavStructureOrder><odeNavStructureProperties><odeNavStructureProperty><key>titlePage</key><value>Nunc dapibus 2.1.3</value></odeNavStructureProperty><odeNavStructureProperty><key>titleNode</key><value>Nunc dapibus 2.1.3</value></odeNavStructureProperty><odeNavStructureProperty><key>hidePageTitle</key><value>false</value></odeNavStructureProperty><odeNavStructureProperty><key>titleHtml</key><value/></odeNavStructureProperty><odeNavStructureProperty><key>editableInPage</key><value>false</value></odeNavStructureProperty><odeNavStructureProperty><key>visibility</key><value>true</value></odeNavStructureProperty><odeNavStructureProperty><key>highlight</key><value>false</value></odeNavStructureProperty><odeNavStructureProperty><key>description</key><value/></odeNavStructureProperty></odeNavStructureProperties><odePagStructures/></odeNavStructure></odeNavStructures></ode>
